ID,Loại,SKU,"GTIN, UPC, EAN hoặc ISBN",Tên,"Đã xuất bản","Là sản phẩm nổi bật?","Hiển thị trong danh mục","Mô tả ngắn","Mô tả","Ngày bắt đầu giá khuyến mãi","Ngày kết thúc giá khuyến mãi","Trạng thái thuế","Lớp thuế","Còn hàng?","Tồn kho","Số lượng sắp hết hàng","Cho phép đặt hàng trước?","Bán riêng lẻ?","Cân nặng (kg)","Chiều dài (cm)","Chiều rộng (cm)","Chiều cao (cm)","Cho phép khách hàng đánh giá?","Ghi chú mua hàng","Giá khuyến mãi","Giá thông thường","Danh mục",Thẻ,"Lớp vận chuyển","Hình ảnh","Giới hạn tải xuống","Ngày hết hạn tải xuống",Cha,"Sản phẩm theo nhóm","Bán thêm","Bán chéo","URL bên ngoài","Văn bản nút","Vị trí","Thương hiệu","Tên thuộc tính 1","Giá trị thuộc tính 1","Thuộc tính hiển thị 1","Thuộc tính chung 1","Tên thuộc tính 2","Giá trị thuộc tính 2","Thuộc tính hiển thị 2","Thuộc tính chung 2","ID Tải xuống 1","Tên tệp tải xuống 1","URL Tải xuống 1","ID Tải xuống 2","Tên tệp tải xuống 2","URL Tải xuống 2"
72,variable,woo-vneck-tee,,"V-Neck T-Shirt",1,1,visible,"This is a variable product.","Pellentesque habitant morbi tristique senectus et netus et malesuada fames ac turpis egestas. Vestibulum tortor quam, feugiat vitae, ultricies eget, tempor sit amet, ante. Donec eu libero sit amet quam egestas semper. Aenean ultricies mi vitae est. Mauris placerat eleifend leo.",,,taxable,,1,,,0,0,,24,1,2,1,,,,"Clothing > Tshirts",,,"http://localhost/wordpress/wp-content/uploads/2025/11/vneck-tee-2.jpg, http://localhost/wordpress/wp-content/uploads/2025/11/vnech-tee-green-1.jpg, http://localhost/wordpress/wp-content/uploads/2025/11/vnech-tee-blue-1.jpg",,,,,,,,,0,,Color,"Blue, Green, Red",1,1,Size,"Large, Medium, Small",1,1,,,,,,
73,variable,woo-hoodie,,Hoodie,1,0,visible,"This is a variable product.","Pellentesque habitant morbi tristique senectus et netus et malesuada fames ac turpis egestas. Vestibulum tortor quam, feugiat vitae, ultricies eget, tempor sit amet, ante. Donec eu libero sit amet quam egestas semper. Aenean ultricies mi vitae est. Mauris placerat eleifend leo.",,,taxable,,1,,,0,0,,10,8,3,1,,,,"Clothing > Hoodies",,,"http://localhost/wordpress/wp-content/uploads/2025/11/hoodie-2.jpg, http://localhost/wordpress/wp-content/uploads/2025/11/hoodie-blue-1.jpg, http://localhost/wordpress/wp-content/uploads/2025/11/hoodie-green-1.jpg, http://localhost/wordpress/wp-content/uploads/2025/11/hoodie-with-logo-2.jpg",,,,,,,,,0,,Color,"Blue, Green, Red",1,1,Logo,"Yes, No",1,0,,,,,,
74,simple,woo-hoodie-with-logo,,"Hoodie with Logo",1,0,visible,"This is a simple product.","Pellentesque habitant morbi tristique senectus et netus et malesuada fames ac turpis egestas. Vestibulum tortor quam, feugiat vitae, ultricies eget, tempor sit amet, ante. Donec eu libero sit amet quam egestas semper. Aenean ultricies mi vitae est. Mauris placerat eleifend leo.",,,taxable,,1,,,0,0,,10,6,3,1,,,45,"Clothing > Hoodies",,,http://localhost/wordpress/wp-content/uploads/2025/11/hoodie-with-logo-2.jpg,,,,,,,,,0,,Color,Blue,1,1,,,,,,,,,,
75,simple,woo-tshirt,,T-Shirt,1,0,visible,"This is a simple product.","Pellentesque habitant morbi tristique senectus et netus et malesuada fames ac turpis egestas. Vestibulum tortor quam, feugiat vitae, ultricies eget, tempor sit amet, ante. Donec eu libero sit amet quam egestas semper. Aenean ultricies mi vitae est. Mauris placerat eleifend leo.",,,taxable,,1,,,0,0,,8,6,1,1,,,18,"Clothing > Tshirts",,,http://localhost/wordpress/wp-content/uploads/2025/11/tshirt-2.jpg,,,,,,,,,0,,Color,Gray,1,1,,,,,,,,,,
76,simple,woo-beanie,,Beanie,1,0,visible,"This is a simple product.","Pellentesque habitant morbi tristique senectus et netus et malesuada fames ac turpis egestas. Vestibulum tortor quam, feugiat vitae, ultricies eget, tempor sit amet, ante. Donec eu libero sit amet quam egestas semper. Aenean ultricies mi vitae est. Mauris placerat eleifend leo.",,,taxable,,1,,,0,0,,4,5,0.5,1,,18,20,"Clothing > Accessories",,,http://localhost/wordpress/wp-content/uploads/2025/11/beanie-2.jpg,,,,,,,,,0,,Color,Red,1,1,,,,,,,,,,
77,simple,woo-belt,,Belt,1,0,visible,"This is a simple product.","Pellentesque habitant morbi tristique senectus et netus et malesuada fames ac turpis egestas. Vestibulum tortor quam, feugiat vitae, ultricies eget, tempor sit amet, ante. Donec eu libero sit amet quam egestas semper. Aenean ultricies mi vitae est. Mauris placerat eleifend leo.",,,taxable,,1,,,0,0,,12,2,1.5,1,,55,65,"Clothing > Accessories",,,http://localhost/wordpress/wp-content/uploads/2025/11/belt-2.jpg,,,,,,,,,0,,,,,,,,,,,,,,,
78,simple,woo-cap,,Cap,1,1,visible,"This is a simple product.","Pellentesque habitant morbi tristique senectus et netus et malesuada fames ac turpis egestas. Vestibulum tortor quam, feugiat vitae, ultricies eget, tempor sit amet, ante. Donec eu libero sit amet quam egestas semper. Aenean ultricies mi vitae est. Mauris placerat eleifend leo.",,,taxable,,1,,,0,0,,8,6.5,4,1,,16,18,"Clothing > Accessories",,,http://localhost/wordpress/wp-content/uploads/2025/11/cap-2.jpg,,,,,,,,,0,,Color,Yellow,1,1,,,,,,,,,,
79,simple,woo-sunglasses,,Sunglasses,1,1,visible,"This is a simple product.","Pellentesque habitant morbi tristique senectus et netus et malesuada fames ac turpis egestas. Vestibulum tortor quam, feugiat vitae, ultricies eget, tempor sit amet, ante. Donec eu libero sit amet quam egestas semper. Aenean ultricies mi vitae est. Mauris placerat eleifend leo.",,,taxable,,1,,,0,0,,4,1.4,1,1,,,90,"Clothing > Accessories",,,http://localhost/wordpress/wp-content/uploads/2025/11/sunglasses-2.jpg,,,,,,,,,0,,,,,,,,,,,,,,,
80,simple,woo-hoodie-with-pocket,,"Hoodie with Pocket",1,1,hidden,"This is a simple product.","Pellentesque habitant morbi tristique senectus et netus et malesuada fames ac turpis egestas. Vestibulum tortor quam, feugiat vitae, ultricies eget, tempor sit amet, ante. Donec eu libero sit amet quam egestas semper. Aenean ultricies mi vitae est. Mauris placerat eleifend leo.",,,taxable,,1,,,0,0,,10,8,2,1,,35,45,"Clothing > Hoodies",,,http://localhost/wordpress/wp-content/uploads/2025/11/hoodie-with-pocket-2.jpg,,,,,,,,,0,,Color,Gray,1,1,,,,,,,,,,
81,simple,woo-hoodie-with-zipper,,"Hoodie with Zipper",1,1,visible,"This is a simple product.","Pellentesque habitant morbi tristique senectus et netus et malesuada fames ac turpis egestas. Vestibulum tortor quam, feugiat vitae, ultricies eget, tempor sit amet, ante. Donec eu libero sit amet quam egestas semper. Aenean ultricies mi vitae est. Mauris placerat eleifend leo.",,,taxable,,1,,,0,0,,8,6,2,1,,,45,"Clothing > Hoodies",,,http://localhost/wordpress/wp-content/uploads/2025/11/hoodie-with-zipper-2.jpg,,,,,,,,,0,,,,,,,,,,,,,,,
82,simple,woo-long-sleeve-tee,,"Long Sleeve Tee",1,0,visible,"This is a simple product.","Pellentesque habitant morbi tristique senectus et netus et malesuada fames ac turpis egestas. Vestibulum tortor quam, feugiat vitae, ultricies eget, tempor sit amet, ante. Donec eu libero sit amet quam egestas semper. Aenean ultricies mi vitae est. Mauris placerat eleifend leo.",,,taxable,,1,,,0,0,,7,5,1,1,,,25,"Clothing > Tshirts",,,http://localhost/wordpress/wp-content/uploads/2025/11/long-sleeve-tee-2.jpg,,,,,,,,,0,,Color,Green,1,1,,,,,,,,,,
83,simple,woo-polo,,Polo,1,0,visible,"This is a simple product.","Pellentesque habitant morbi tristique senectus et netus et malesuada fames ac turpis egestas. Vestibulum tortor quam, feugiat vitae, ultricies eget, tempor sit amet, ante. Donec eu libero sit amet quam egestas semper. Aenean ultricies mi vitae est. Mauris placerat eleifend leo.",,,taxable,,1,,,0,0,,6,5,1,1,,,20,"Clothing > Tshirts",,,http://localhost/wordpress/wp-content/uploads/2025/11/polo-2.jpg,,,,,,,,,0,,Color,Blue,1,1,,,,,,,,,,
84,"simple, downloadable, virtual",woo-album,,Album,1,0,visible,"This is a simple, virtual product.","Lorem ipsum dolor sit amet, consectetur adipiscing elit. Vestibulum sagittis orci ac odio dictum tincidunt. Donec ut metus leo. Class aptent taciti sociosqu ad litora torquent per conubia nostra, per inceptos himenaeos. Sed luctus, dui eu sagittis sodales, nulla nibh sagittis augue, vel porttitor diam enim non metus. Vestibulum aliquam augue neque. Phasellus tincidunt odio eget ullamcorper efficitur. Cras placerat ut turpis pellentesque vulputate. Nam sed consequat tortor. Curabitur finibus sapien dolor. Ut eleifend tellus nec erat pulvinar dignissim. Nam non arcu purus. Vivamus et massa massa.",,,taxable,,1,,,0,0,,,,,1,,,15,Music,,,http://localhost/wordpress/wp-content/uploads/2025/11/album-1.jpg,1,1,,,,,,,0,,,,,,,,,,1f603b35-eebb-4ea2-87a1-c4c5ab161c4b,"Single 1",https://demo.woothemes.com/woocommerce/wp-content/uploads/sites/56/2017/08/single.jpg,2befe617-2ade-4583-a1f1-44126d58097d,"Single 2",https://demo.woothemes.com/woocommerce/wp-content/uploads/sites/56/2017/08/album.jpg
85,"simple, downloadable, virtual",woo-single,,Single,1,0,visible,"This is a simple, virtual product.","Lorem ipsum dolor sit amet, consectetur adipiscing elit. Vestibulum sagittis orci ac odio dictum tincidunt. Donec ut metus leo. Class aptent taciti sociosqu ad litora torquent per conubia nostra, per inceptos himenaeos. Sed luctus, dui eu sagittis sodales, nulla nibh sagittis augue, vel porttitor diam enim non metus. Vestibulum aliquam augue neque. Phasellus tincidunt odio eget ullamcorper efficitur. Cras placerat ut turpis pellentesque vulputate. Nam sed consequat tortor. Curabitur finibus sapien dolor. Ut eleifend tellus nec erat pulvinar dignissim. Nam non arcu purus. Vivamus et massa massa.",,,taxable,,1,,,0,0,,,,,1,,2,3,Music,,,http://localhost/wordpress/wp-content/uploads/2025/11/single-1.jpg,1,1,,,,,,,0,,,,,,,,,,9628c7b1-cc46-4046-881d-c89672a46213,Single,https://demo.woothemes.com/woocommerce/wp-content/uploads/sites/56/2017/08/single.jpg,,,
86,variation,woo-vneck-tee-red,,"V-Neck T-Shirt - Red",1,0,visible,,"Lorem ipsum dolor sit amet, consectetur adipiscing elit. Vestibulum sagittis orci ac odio dictum tincidunt. Donec ut metus leo. Class aptent taciti sociosqu ad litora torquent per conubia nostra, per inceptos himenaeos. Sed luctus, dui eu sagittis sodales, nulla nibh sagittis augue, vel porttitor diam enim non metus. Vestibulum aliquam augue neque. Phasellus tincidunt odio eget ullamcorper efficitur. Cras placerat ut turpis pellentesque vulputate. Nam sed consequat tortor. Curabitur finibus sapien dolor. Ut eleifend tellus nec erat pulvinar dignissim. Nam non arcu purus. Vivamus et massa massa.",,,taxable,,1,,,0,0,,,,,0,,,20,,,,http://localhost/wordpress/wp-content/uploads/2025/11/vneck-tee-2.jpg,,,woo-vneck-tee,,,,,,0,,Color,Red,,1,Size,,,1,,,,,,
87,variation,woo-vneck-tee-green,,"V-Neck T-Shirt - Green",1,0,visible,,"Lorem ipsum dolor sit amet, consectetur adipiscing elit. Vestibulum sagittis orci ac odio dictum tincidunt. Donec ut metus leo. Class aptent taciti sociosqu ad litora torquent per conubia nostra, per inceptos himenaeos. Sed luctus, dui eu sagittis sodales, nulla nibh sagittis augue, vel porttitor diam enim non metus. Vestibulum aliquam augue neque. Phasellus tincidunt odio eget ullamcorper efficitur. Cras placerat ut turpis pellentesque vulputate. Nam sed consequat tortor. Curabitur finibus sapien dolor. Ut eleifend tellus nec erat pulvinar dignissim. Nam non arcu purus. Vivamus et massa massa.",,,taxable,,1,,,0,0,,,,,0,,,20,,,,http://localhost/wordpress/wp-content/uploads/2025/11/vnech-tee-green-1.jpg,,,woo-vneck-tee,,,,,,0,,Color,Green,,1,Size,,,1,,,,,,
88,variation,woo-vneck-tee-blue,,"V-Neck T-Shirt - Blue",1,0,visible,,"Lorem ipsum dolor sit amet, consectetur adipiscing elit. Vestibulum sagittis orci ac odio dictum tincidunt. Donec ut metus leo. Class aptent taciti sociosqu ad litora torquent per conubia nostra, per inceptos himenaeos. Sed luctus, dui eu sagittis sodales, nulla nibh sagittis augue, vel porttitor diam enim non metus. Vestibulum aliquam augue neque. Phasellus tincidunt odio eget ullamcorper efficitur. Cras placerat ut turpis pellentesque vulputate. Nam sed consequat tortor. Curabitur finibus sapien dolor. Ut eleifend tellus nec erat pulvinar dignissim. Nam non arcu purus. Vivamus et massa massa.",,,taxable,,1,,,0,0,,,,,0,,,15,,,,http://localhost/wordpress/wp-content/uploads/2025/11/vnech-tee-blue-1.jpg,,,woo-vneck-tee,,,,,,0,,Color,Blue,,1,Size,,,1,,,,,,
89,variation,woo-hoodie-red,,"Hoodie - Red, No",1,0,visible,,"Lorem ipsum dolor sit amet, consectetur adipiscing elit. Vestibulum sagittis orci ac odio dictum tincidunt. Donec ut metus leo. Class aptent taciti sociosqu ad litora torquent per conubia nostra, per inceptos himenaeos. Sed luctus, dui eu sagittis sodales, nulla nibh sagittis augue, vel porttitor diam enim non metus. Vestibulum aliquam augue neque. Phasellus tincidunt odio eget ullamcorper efficitur. Cras placerat ut turpis pellentesque vulputate. Nam sed consequat tortor. Curabitur finibus sapien dolor. Ut eleifend tellus nec erat pulvinar dignissim. Nam non arcu purus. Vivamus et massa massa.",,,taxable,,1,,,0,0,,,,,0,,42,45,,,,http://localhost/wordpress/wp-content/uploads/2025/11/hoodie-2.jpg,,,woo-hoodie,,,,,,1,,Color,Red,,1,Logo,No,,0,,,,,,
90,variation,woo-hoodie-green,,"Hoodie - Green, No",1,0,visible,,"Lorem ipsum dolor sit amet, consectetur adipiscing elit. Vestibulum sagittis orci ac odio dictum tincidunt. Donec ut metus leo. Class aptent taciti sociosqu ad litora torquent per conubia nostra, per inceptos himenaeos. Sed luctus, dui eu sagittis sodales, nulla nibh sagittis augue, vel porttitor diam enim non metus. Vestibulum aliquam augue neque. Phasellus tincidunt odio eget ullamcorper efficitur. Cras placerat ut turpis pellentesque vulputate. Nam sed consequat tortor. Curabitur finibus sapien dolor. Ut eleifend tellus nec erat pulvinar dignissim. Nam non arcu purus. Vivamus et massa massa.",,,taxable,,1,,,0,0,,,,,0,,,45,,,,http://localhost/wordpress/wp-content/uploads/2025/11/hoodie-green-1.jpg,,,woo-hoodie,,,,,,2,,Color,Green,,1,Logo,No,,0,,,,,,
91,variation,woo-hoodie-blue,,"Hoodie - Blue, No",1,0,visible,,"Lorem ipsum dolor sit amet, consectetur adipiscing elit. Vestibulum sagittis orci ac odio dictum tincidunt. Donec ut metus leo. Class aptent taciti sociosqu ad litora torquent per conubia nostra, per inceptos himenaeos. Sed luctus, dui eu sagittis sodales, nulla nibh sagittis augue, vel porttitor diam enim non metus. Vestibulum aliquam augue neque. Phasellus tincidunt odio eget ullamcorper efficitur. Cras placerat ut turpis pellentesque vulputate. Nam sed consequat tortor. Curabitur finibus sapien dolor. Ut eleifend tellus nec erat pulvinar dignissim. Nam non arcu purus. Vivamus et massa massa.",,,taxable,,1,,,0,0,,,,,0,,,45,,,,http://localhost/wordpress/wp-content/uploads/2025/11/hoodie-blue-1.jpg,,,woo-hoodie,,,,,,3,,Color,Blue,,1,Logo,No,,0,,,,,,
92,simple,Woo-tshirt-logo,,"T-Shirt with Logo",1,0,visible,"This is a simple product.","Pellentesque habitant morbi tristique senectus et netus et malesuada fames ac turpis egestas. Vestibulum tortor quam, feugiat vitae, ultricies eget, tempor sit amet, ante. Donec eu libero sit amet quam egestas semper. Aenean ultricies mi vitae est. Mauris placerat eleifend leo.",,,taxable,,1,,,0,0,,10,12,0.5,1,,,18,"Clothing > Tshirts",,,http://localhost/wordpress/wp-content/uploads/2025/11/t-shirt-with-logo-1.jpg,,,,,,,,,0,,Color,Gray,1,1,,,,,,,,,,
93,simple,Woo-beanie-logo,,"Beanie with Logo",1,0,visible,"This is a simple product.","Pellentesque habitant morbi tristique senectus et netus et malesuada fames ac turpis egestas. Vestibulum tortor quam, feugiat vitae, ultricies eget, tempor sit amet, ante. Donec eu libero sit amet quam egestas semper. Aenean ultricies mi vitae est. Mauris placerat eleifend leo.",,,taxable,,1,,,0,0,,6,4,1,1,,18,20,"Clothing > Accessories",,,http://localhost/wordpress/wp-content/uploads/2025/11/beanie-with-logo-1.jpg,,,,,,,,,0,,Color,Red,1,1,,,,,,,,,,
94,grouped,logo-collection,,"Logo Collection",1,0,visible,"This is a grouped product.","Pellentesque habitant morbi tristique senectus et netus et malesuada fames ac turpis egestas. Vestibulum tortor quam, feugiat vitae, ultricies eget, tempor sit amet, ante. Donec eu libero sit amet quam egestas semper. Aenean ultricies mi vitae est. Mauris placerat eleifend leo.",,,taxable,,1,,,0,0,,,,,1,,,,Clothing,,,"http://localhost/wordpress/wp-content/uploads/2025/11/logo-1.jpg, http://localhost/wordpress/wp-content/uploads/2025/11/beanie-with-logo-1.jpg, http://localhost/wordpress/wp-content/uploads/2025/11/t-shirt-with-logo-1.jpg, http://localhost/wordpress/wp-content/uploads/2025/11/hoodie-with-logo-2.jpg",,,,"woo-hoodie-with-logo, woo-tshirt, woo-beanie",,,,,0,,,,,,,,,,,,,,,
95,external,wp-pennant,,"WordPress Pennant",1,0,visible,"This is an external product.","Pellentesque habitant morbi tristique senectus et netus et malesuada fames ac turpis egestas. Vestibulum tortor quam, feugiat vitae, ultricies eget, tempor sit amet, ante. Donec eu libero sit amet quam egestas semper. Aenean ultricies mi vitae est. Mauris placerat eleifend leo.",,,taxable,,1,,,0,0,,,,,1,,,"11,05",Decor,,,http://localhost/wordpress/wp-content/uploads/2025/11/pennant-1.jpg,,,,,,,https://mercantile.wordpress.org/product/wordpress-pennant/,"Buy on the WordPress swag store!",0,,,,,,,,,,,,,,,
96,variation,woo-hoodie-blue-logo,,"Hoodie - Blue, Yes",1,0,visible,,"Lorem ipsum dolor sit amet, consectetur adipiscing elit. Vestibulum sagittis orci ac odio dictum tincidunt. Donec ut metus leo. Class aptent taciti sociosqu ad litora torquent per conubia nostra, per inceptos himenaeos. Sed luctus, dui eu sagittis sodales, nulla nibh sagittis augue, vel porttitor diam enim non metus. Vestibulum aliquam augue neque. Phasellus tincidunt odio eget ullamcorper efficitur. Cras placerat ut turpis pellentesque vulputate. Nam sed consequat tortor. Curabitur finibus sapien dolor. Ut eleifend tellus nec erat pulvinar dignissim. Nam non arcu purus. Vivamus et massa massa.",,,taxable,,1,,,0,0,,,,,0,,,45,,,,http://localhost/wordpress/wp-content/uploads/2025/11/hoodie-with-logo-2.jpg,,,woo-hoodie,,,,,,0,,Color,Blue,,1,Logo,Yes,,0,,,,,,
